        rewrite ^/(neon|invisible)/getting-started/first-recording.html$ /$1/data-collection/first-recording/ permanent;
        rewrite ^/(neon|invisible)/getting-started/analyse-recordings-in-pupil-cloud/$  /pupil-cloud/tutorials/ permanent;
        rewrite ^/(neon|invisible)/basic-concepts/(data-streams|events)/$ /$1/data-collection/$1/ permanent;
        rewrite ^/(neon|invisible)/basic-concepts/recordings-wearers-and-templates/$ /$1/data-collection/recordings/ permanent;
        rewrite ^/(neon|invisible)/basic-concepts/projects-and-workspaces/$ /$1/pupil-cloud/projects/ permanent;
        rewrite ^/(neon|invisible)/glasses-and-companion/technical-overview/$ /$1/hardware/module-technical-overview/ permanent;
        rewrite ^/(neon|invisible)/glasses-and-companion/companion-device/$ /$1/hardware/compatible-devices/ permanent;
        rewrite ^/(neon|invisible)/glasses-and-companion/hardware-handling/frames/$ /$1/hardware/swapping-frames/ permanent;
        rewrite ^/(neon|invisible)/glasses-and-companion/hardware-handling/clean-and-disinfect/$ /$1/hardware/clean-and-disinfect/ permanent;
        rewrite ^/invisible/glasses-and-companion/hardware-handling/exchange-lenses/$ /invisible/hardware/exchange-lenses/ permanent;
        rewrite ^/invisible/glasses-and-companion/hardware-handling/attach-the-head-strap/$ /invisible/hardware/attach-the-head-strap/ permanent;
        rewrite ^/(neon|invisible)/enrichments/gaze-overlay/$ /$1/pupil-cloud/visualizations/gaze-overlay/ permanent;
        rewrite ^/(neon|invisible)/enrichments\/?(.*) /pupil-cloud/enrichments/$1 permanent;
        rewrite ^/(neon|invisible)/how-tos/data-collection/monitor-your-data-collection-in-real-time.html$ /$1/data-collection/monitor-app/ permanent;
        rewrite ^/(neon|invisible)/how-tos/data-collection/transfer-recordings-via-usb.html$ /$1/data-collection/transfer-recordings-via-usb/ permanent;
        rewrite ^/(neon|invisible)/how-tos/data-collection/achieve-super-precise-time-sync.html$ /$1/data-collection/time-synchronization/ permanent;
        rewrite ^/(neon|invisible)/how-tos/data-collection-with-the-companion-app/calibrate-the-imu-for-accurate-yaw-orientation/$ /$1/data-collection/calibrating-the-imu/ permanent;
        rewrite ^/(neon|invisible)/how-tos/data-collection/using-capture/$ /$1/alpha-lab/neon-with-capture/ permanent;
        rewrite ^/(neon|invisible)/how-tos/advance-analysis/undistort/$ /$1/alpha-lab/undistort/ permanent;
        rewrite ^/(neon|invisible)/real-time-api/introduction/$ /$1/real-time-api/ permanent;
        rewrite ^/(neon|invisible)/real-time-api/tutorials/$ /$1/real-time-api/ permanent;
        rewrite ^/export-formats/recording-data/neon/$ /neon/data-collection/data-format/ permanent;
        rewrite ^/export-formats/enrichment-data/reference-image-mapper/$ /neon/pupil-cloud/enrichments/reference-image-mapper/ permanent;
        rewrite ^/export-formats/enrichment-data/marker-mapper/$ /neon/pupil-cloud/enrichments/marker-mapper/ permanent;
        rewrite ^/export-formats/enrichment-data/face-mapper/$ /neon/pupil-cloud/enrichments/face-mapper/ permanent;
        rewrite ^/export-formats/enrichment-data/gaze-overlay/$ /neon/pupil-cloud/visualizations/video-renderer/ permanent;
        rewrite ^/invisible/user-guide/invisible-companion-app/$ /invisible/data-collection/compatible-devices/ permanent;
        rewrite ^/invisible/how-tos/data-collection-with-the-companion-app/transfer-recordings-via-usb$ /invisible/data-collection/transfer-recordings-via-usb/ permanent;
        rewrite ^/cloud/$ /neon/pupil-cloud/ permanent;
        rewrite ^/cloud/enrichments/$ /neon/pupil-cloud/ permanent;
        rewrite ^/invisible/explainers/enrichments$ /invisible/pupil-cloud/ permanent;
        rewrite ^/invisible/explainers/data-streams/$ /invisible/data-collection/data-streams/ permanent;
        rewrite ^/invisible/explainers/basic-concepts/$ /invisible/data-collection/recordings/ permanent;
        rewrite ^/invisible/explainers/glasses-and-companion-device/$ /invisible/hardware/compatible-devices/ permanent;
        rewrite ^/invisible/how-tos/pupil-invisible-glasses/exchange-lenses.html$ /invisible/hardware/exchange-lenses/ permanent;
        rewrite ^/invisible/how-tos/pupil-invisible-glasses/clean-and-disinfect.html$ /invisible/hardware/clean-and-disinfect/ permanent;
        rewrite ^/invisible/how-tos/integrate-with-the-real-time-api/introduction/$ /invisible/real-time-api/ permanent;
        rewrite ^/invisible/how-tos/integrate-with-the-real-time-api/track-your-experiment-progress-using-events/$ /invisible/real-time-api/track-your-experiment-progress-using-events/ permanent;
        rewrite ^/invisible/how-tos/integrate-with-the-real-time-api/track-your-experiment-in-matlab/$ /invisible/real-time-api/track-your-experiment-in-matlab/ permanent;
        rewrite ^/invisible/how-tos/integrate-with-the-real-time-api/legacy-api.html$ /invisible/real-time-api/legacy-api/ permanent;
        rewrite ^/neon/hardware$ /neon/hardware/module-technical-overview/ permanent;
        rewrite ^/invisible/hardware$ /invisible/hardware/technical-overview/ permanent;
        rewrite ^/(neon|invisible)/getting-started/understand-the-ecosystem/$ /$1/data-collection/ecosystem-overview/ permanent;
        rewrite ^/vr-ar/developer.html$ /core/vr-ar/developer/ permanent;
        rewrite ^/enrichments$ /neon/pupil-cloud/ permanent;
        

